﻿VM,Powerstate,Template,SRM Placeholder,Disk,Disk Key,Disk Path,Capacity MiB,Raw,Disk Mode,Thin,Eagerly Scrub,Split,Write Through,Level,Shares,Reservation,Limit,Controller,Label,SCSI Unit #,Unit #,Shared Bus,Path,Raw LUN ID,Raw Comp. Mode,Internal Sort Column,Annotation,Datacenter,Cluster,Host,Folder,OS according to the configuration file,OS according to the VMware Tools,VM ID,VM UUID,VI SDK Server,VI SDK UUID
CCSERVER01,poweredOn,false,false,Hard disk 1,2000,C:\,163840,false,persistent,true,false,false,false,normal,1000,0,-1,LSI Logic SAS,SCSI controller 0,7,0,noSharing,[VxRail-Virtual-SAN-Datastore-12345abc-6789-def0-1234-56789abcdef0] a1b2c365-f012-3456-789a-bcdef1234567/CCXXXVER01.vmx,,,CCSERVER01 0001,CCSERVER01 - WEB SERVER - PORTAL,Carvalheira.Cloud-DC,Production,cccarvx01.carvalheira.cloud,/Carvalheira.Cloud-DC/Production,Microsoft Windows Server 2016 (64-bit),Microsoft Windows Server 2016 (64-bit),vm-20001,521ac3f0-7b42-4d9e-8f12-9a3b7c8d4e21,cccarvx01.carvalheira.cloud,cccarvx01.carvalheira.cloud
CCSERVER01,poweredOn,false,false,Hard disk 2,2001,D:\,524288,false,persistent,true,false,false,false,normal,1001,0,-1,LSI Logic SAS,SCSI controller 1,7,0,noSharing,[VxRail-Virtual-SAN-Datastore-12345abc-6789-def0-1234-56789abcdef0] a1b2c365-f012-3456-789a-bcdef1234567/CCXXXVER01.vmx,,,CCSERVER01 0001,CCSERVER01 - WEB SERVER - PORTAL,Carvalheira.Cloud-DC,Production,cccarvx01.carvalheira.cloud,/Carvalheira.Cloud-DC/Production,Microsoft Windows Server 2016 (64-bit),Microsoft Windows Server 2016 (64-bit),vm-20001,521ac3f0-7b42-4d9e-8f12-9a3b7c8d4e21,cccarvx01.carvalheira.cloud,cccarvx01.carvalheira.cloud
CCSERVER02,poweredOn,false,false,Hard disk 1,2000,C:\,163840,false,persistent,true,false,false,false,normal,1000,0,-1,LSI Logic SAS,SCSI controller 0,7,0,noSharing,[VxRail-Virtual-SAN-Datastore-12345abc-6789-def0-1234-56789abcdef0] b2c3d465-0abc-1234-5678-bcdef1234567/CCXXXVER02.vmx,,,CCSERVER02 0001,CCSERVER02 - WEB SERVER - PORTAL,Carvalheira.Cloud-DC,Production,cccarvx01.carvalheira.cloud,/Carvalheira.Cloud-DC/Production,Microsoft Windows Server 2016 (64-bit),Microsoft Windows Server 2016 (64-bit),vm-20002,6f93d2a1-1c84-4a7b-9e56-2d4f8b9c7a35,cccarvx01.carvalheira.cloud,cccarvx01.carvalheira.cloud
CCSERVER02,poweredOn,false,false,Hard disk 2,2001,D:\,524288,false,persistent,true,false,false,false,normal,1001,0,-1,LSI Logic SAS,SCSI controller 1,7,0,noSharing,[VxRail-Virtual-SAN-Datastore-12345abc-6789-def0-1234-56789abcdef0] b2c3d465-0abc-1234-5678-bcdef1234567/CCXXXVER02.vmx,,,CCSERVER02 0001,CCSERVER02 - WEB SERVER - PORTAL,Carvalheira.Cloud-DC,Production,cccarvx01.carvalheira.cloud,/Carvalheira.Cloud-DC/Production,Microsoft Windows Server 2016 (64-bit),Microsoft Windows Server 2016 (64-bit),vm-20002,6f93d2a1-1c84-4a7b-9e56-2d4f8b9c7a35,cccarvx01.carvalheira.cloud,cccarvx01.carvalheira.cloud
CCSERVER03,poweredOn,false,false,Hard disk 1,2000,C:\,163840,false,persistent,true,false,false,false,normal,1000,0,-1,LSI Logic SAS,SCSI controller 0,7,0,noSharing,[VxRail-Virtual-SAN-Datastore-12345abc-6789-def0-1234-56789abcdef0] c3d4e564-1bcd-2345-6789-bcdef1234567/CCXXXVER03.vmx,,,CCSERVER03 0001,CCSERVER03 - WEB SERVER - PORTAL,Carvalheira.Cloud-DC,Production,cccarvx01.carvalheira.cloud,/Carvalheira.Cloud-DC/Production,Microsoft Windows Server 2016 (64-bit),Microsoft Windows Server 2016 (64-bit),vm-20003,7b24e5c9-3d17-4f8a-8c92-5e6a1f0d9b47,cccarvx01.carvalheira.cloud,cccarvx01.carvalheira.cloud
CCSERVER03,poweredOn,false,false,Hard disk 2,2001,D:\,524288,false,persistent,true,false,false,false,normal,1001,0,-1,LSI Logic SAS,SCSI controller 1,7,0,noSharing,[VxRail-Virtual-SAN-Datastore-12345abc-6789-def0-1234-56789abcdef0] c3d4e564-1bcd-2345-6789-bcdef1234567/CCXXXVER03.vmx,,,CCSERVER03 0001,CCSERVER03 - WEB SERVER - PORTAL,Carvalheira.Cloud-DC,Production,cccarvx01.carvalheira.cloud,/Carvalheira.Cloud-DC/Production,Microsoft Windows Server 2016 (64-bit),Microsoft Windows Server 2016 (64-bit),vm-20003,7b24e5c9-3d17-4f8a-8c92-5e6a1f0d9b47,cccarvx01.carvalheira.cloud,cccarvx01.carvalheira.cloud
CCSERVER04,poweredOn,false,false,Hard disk 1,2000,C:\,163840,false,persistent,true,false,false,false,normal,1000,0,-1,LSI Logic SAS,SCSI controller 0,7,0,noSharing,[VxRail-Virtual-SAN-Datastore-12345abc-6789-def0-1234-56789abcdef0] d4e5f365-2cde-3456-789a-bcdef1234567/CCXXXVER04.vmx,,,CCSERVER04 0001,CCSERVER04 - BACK END - BS 1,Carvalheira.Cloud-DC,Production,cccarvx02.carvalheira.cloud,/Carvalheira.Cloud-DC/Production,Microsoft Windows Server 2016 (64-bit),Microsoft Windows Server 2016 (64-bit),vm-20004,8c56f7a2-5e39-4d1b-9a03-7f8b2c4d6e58,cccarvx02.carvalheira.cloud,cccarvx02.carvalheira.cloud
CCSERVER04,poweredOn,false,false,Hard disk 2,2001,D:\,524288,false,persistent,true,false,false,false,normal,1001,0,-1,LSI Logic SAS,SCSI controller 1,7,0,noSharing,[VxRail-Virtual-SAN-Datastore-12345abc-6789-def0-1234-56789abcdef0] d4e5f365-2cde-3456-789a-bcdef1234567/CCXXXVER04.vmx,,,CCSERVER04 0001,CCSERVER04 - BACK END - BS 1,Carvalheira.Cloud-DC,Production,cccarvx02.carvalheira.cloud,/Carvalheira.Cloud-DC/Production,Microsoft Windows Server 2016 (64-bit),Microsoft Windows Server 2016 (64-bit),vm-20004,8c56f7a2-5e39-4d1b-9a03-7f8b2c4d6e58,cccarvx02.carvalheira.cloud,cccarvx02.carvalheira.cloud
CCSERVER05,poweredOn,false,false,Hard disk 1,2000,C:\,163840,false,persistent,true,false,false,false,normal,1000,0,-1,LSI Logic SAS,SCSI controller 0,7,0,noSharing,[VxRail-Virtual-SAN-Datastore-12345abc-6789-def0-1234-56789abcdef0] e5f6a065-3def-4567-89ab-bcdef1234567/CCXXXVER05.vmx,,,CCSERVER05 0001,CCSERVER05 - BACK END - BS 2,Carvalheira.Cloud-DC,Production,cccarvx02.carvalheira.cloud,/Carvalheira.Cloud-DC/Production,Microsoft Windows Server 2016 (64-bit),Microsoft Windows Server 2016 (64-bit),vm-20005,9d78a9b3-6f41-4e2c-8b14-8a9c3d5e7f69,cccarvx02.carvalheira.cloud,cccarvx02.carvalheira.cloud
CCSERVER05,poweredOn,false,false,Hard disk 2,2001,D:\,524288,false,persistent,true,false,false,false,normal,1001,0,-1,LSI Logic SAS,SCSI controller 1,7,0,noSharing,[VxRail-Virtual-SAN-Datastore-12345abc-6789-def0-1234-56789abcdef0] e5f6a065-3def-4567-89ab-bcdef1234567/CCXXXVER05.vmx,,,CCSERVER05 0001,CCSERVER05 - BACK END - BS 2,Carvalheira.Cloud-DC,Production,cccarvx02.carvalheira.cloud,/Carvalheira.Cloud-DC/Production,Microsoft Windows Server 2016 (64-bit),Microsoft Windows Server 2016 (64-bit),vm-20005,9d78a9b3-6f41-4e2c-8b14-8a9c3d5e7f69,cccarvx02.carvalheira.cloud,cccarvx02.carvalheira.cloud
CCSERVER06,poweredOn,false,false,Hard disk 1,2000,C:\,163840,false,persistent,true,false,false,false,normal,1000,0,-1,LSI Logic SAS,SCSI controller 0,7,0,noSharing,[VxRail-Virtual-SAN-Datastore-12345abc-6789-def0-1234-56789abcdef0] f6a7b065-4ef0-5678-9abc-bcdef1234567/CCXXXVER06.vmx,,,CCSERVER06 0001,CCSERVER06 - BACK END - POOL,Carvalheira.Cloud-DC,Production,cccarvx02.carvalheira.cloud,/Carvalheira.Cloud-DC/Production,Microsoft Windows Server 2016 (64-bit),Microsoft Windows Server 2016 (64-bit),vm-20006,af01c4d5-7a52-4f3d-9c25-9b0d4e6f8a70,cccarvx02.carvalheira.cloud,cccarvx02.carvalheira.cloud
CCSERVER06,poweredOn,false,false,Hard disk 2,2001,D:\,524288,false,persistent,true,false,false,false,normal,1001,0,-1,LSI Logic SAS,SCSI controller 1,7,0,noSharing,[VxRail-Virtual-SAN-Datastore-12345abc-6789-def0-1234-56789abcdef0] f6a7b065-4ef0-5678-9abc-bcdef1234567/CCXXXVER06.vmx,,,CCSERVER06 0001,CCSERVER06 - BACK END - POOL,Carvalheira.Cloud-DC,Production,cccarvx02.carvalheira.cloud,/Carvalheira.Cloud-DC/Production,Microsoft Windows Server 2016 (64-bit),Microsoft Windows Server 2016 (64-bit),vm-20006,af01c4d5-7a52-4f3d-9c25-9b0d4e6f8a70,cccarvx02.carvalheira.cloud,cccarvx02.carvalheira.cloud
CCSERVER07,poweredOn,false,false,Hard disk 1,2000,C:\,163840,false,persistent,true,false,false,false,normal,1000,0,-1,LSI Logic SAS,SCSI controller 0,7,0,noSharing,[VxRail-Virtual-SAN-Datastore-12345abc-6789-def0-1234-56789abcdef0] a7b8c365-5f01-6789-abcd-bcdef1234567/CCXXXVER07.vmx,,,CCSERVER07 0001,CCSERVER07 - JOBSCHEDULER 1,Carvalheira.Cloud-DC,Production,cccarvx02.carvalheira.cloud,/Carvalheira.Cloud-DC/Production,Microsoft Windows Server 2016 (64-bit),Microsoft Windows Server 2016 (64-bit),vm-20007,b123e6f7-8b63-4a4e-8d36-0c1e5f7a9b81,cccarvx02.carvalheira.cloud,cccarvx02.carvalheira.cloud
CCSERVER07,poweredOn,false,false,Hard disk 2,2001,D:\,524288,false,persistent,true,false,false,false,normal,1001,0,-1,LSI Logic SAS,SCSI controller 1,7,0,noSharing,[VxRail-Virtual-SAN-Datastore-12345abc-6789-def0-1234-56789abcdef0] a7b8c365-5f01-6789-abcd-bcdef1234567/CCXXXVER07.vmx,,,CCSERVER07 0001,CCSERVER07 - JOBSCHEDULER 1,Carvalheira.Cloud-DC,Production,cccarvx02.carvalheira.cloud,/Carvalheira.Cloud-DC/Production,Microsoft Windows Server 2016 (64-bit),Microsoft Windows Server 2016 (64-bit),vm-20007,b123e6f7-8b63-4a4e-8d36-0c1e5f7a9b81,cccarvx02.carvalheira.cloud,cccarvx02.carvalheira.cloud
CCSERVER08,poweredOn,false,false,Hard disk 1,2000,C:\,163840,false,persistent,true,false,false,false,normal,1000,0,-1,LSI Logic SAS,SCSI controller 0,7,0,noSharing,[VxRail-Virtual-SAN-Datastore-12345abc-6789-def0-1234-56789abcdef0] b8c9d465-6a12-789a-bcde-bcdef1234567/CCXXXVER08.vmx,,,CCSERVER08 0001,CCSERVER08 - JOBSCHEDULER 2,Carvalheira.Cloud-DC,Production,cccarvx02.carvalheira.cloud,/Carvalheira.Cloud-DC/Production,Microsoft Windows Server 2016 (64-bit),Microsoft Windows Server 2016 (64-bit),vm-20008,c245f8a9-9c74-4b5f-9e47-1d2f6a8b0c92,cccarvx02.carvalheira.cloud,cccarvx02.carvalheira.cloud
CCSERVER08,poweredOn,false,false,Hard disk 2,2001,D:\,524288,false,persistent,true,false,false,false,normal,1001,0,-1,LSI Logic SAS,SCSI controller 1,7,0,noSharing,[VxRail-Virtual-SAN-Datastore-12345abc-6789-def0-1234-56789abcdef0] b8c9d465-6a12-789a-bcde-bcdef1234567/CCXXXVER08.vmx,,,CCSERVER08 0001,CCSERVER08 - JOBSCHEDULER 2,Carvalheira.Cloud-DC,Production,cccarvx02.carvalheira.cloud,/Carvalheira.Cloud-DC/Production,Microsoft Windows Server 2016 (64-bit),Microsoft Windows Server 2016 (64-bit),vm-20008,c245f8a9-9c74-4b5f-9e47-1d2f6a8b0c92,cccarvx02.carvalheira.cloud,cccarvx02.carvalheira.cloud
CCSERVER09,poweredOn,false,false,Hard disk 1,2000,C:\,163840,false,persistent,true,false,false,false,normal,1000,0,-1,LSI Logic SAS,SCSI controller 0,7,0,noSharing,[VxRail-Virtual-SAN-Datastore-12345abc-6789-def0-1234-56789abcdef0] c9d0e565-7b23-89ab-cdef-bcdef1234567/CCXXXVER09.vmx,,,CCSERVER09 0001,CCSERVER09 - NSQL MONGO DB SERVER - PORTAL,Carvalheira.Cloud-DC,Production,cccarvx03.carvalheira.cloud,/Carvalheira.Cloud-DC/Production,Microsoft Windows Server 2019 (64-bit),Microsoft Windows Server 2019 (64-bit),vm-20009,d3670ab1-ad85-4c6a-9f58-2e3f7b9c1d03,cccarvx03.carvalheira.cloud,cccarvx03.carvalheira.cloud
CCSERVER09,poweredOn,false,false,Hard disk 2,2001,D:\,262144,false,persistent,true,false,false,false,normal,1001,0,-1,LSI Logic SAS,SCSI controller 1,7,0,noSharing,[VxRail-Virtual-SAN-Datastore-12345abc-6789-def0-1234-56789abcdef0] c9d0e565-7b23-89ab-cdef-bcdef1234567/CCXXXVER09.vmx,,,CCSERVER09 0001,CCSERVER09 - NSQL MONGO DB SERVER - PORTAL,Carvalheira.Cloud-DC,Production,cccarvx03.carvalheira.cloud,/Carvalheira.Cloud-DC/Production,Microsoft Windows Server 2019 (64-bit),Microsoft Windows Server 2019 (64-bit),vm-20009,d3670ab1-ad85-4c6a-9f58-2e3f7b9c1d03,cccarvx03.carvalheira.cloud,cccarvx03.carvalheira.cloud
CCSERVER09,poweredOn,false,false,Hard disk 3,2002,E:\,524288,false,persistent,true,false,false,false,normal,1002,0,-1,LSI Logic SAS,SCSI controller 2,7,0,noSharing,[VxRail-Virtual-SAN-Datastore-12345abc-6789-def0-1234-56789abcdef0] c9d0e565-7b23-89ab-cdef-bcdef1234567/CCXXXVER09.vmx,,,CCSERVER09 0001,CCSERVER09 - NSQL MONGO DB SERVER - PORTAL,Carvalheira.Cloud-DC,Production,cccarvx03.carvalheira.cloud,/Carvalheira.Cloud-DC/Production,Microsoft Windows Server 2019 (64-bit),Microsoft Windows Server 2019 (64-bit),vm-20009,d3670ab1-ad85-4c6a-9f58-2e3f7b9c1d03,cccarvx03.carvalheira.cloud,cccarvx03.carvalheira.cloud
CCSERVER10,poweredOn,false,false,Hard disk 1,2000,C:\,163840,false,persistent,true,false,false,false,normal,1000,0,-1,LSI Logic SAS,SCSI controller 0,7,0,noSharing,[VxRail-Virtual-SAN-Datastore-12345abc-6789-def0-1234-56789abcdef0] d0e1f765-8c34-9abc-def0-bcdef1234567/CCXXXVER10.vmx,,,CCSERVER10 0001,CCSERVER10 - SQL SERVER ENTERPRISE - PORTAL,Carvalheira.Cloud-DC,Production,cccarvx03.carvalheira.cloud,/Carvalheira.Cloud-DC/Production,Microsoft Windows Server 2019 (64-bit),Microsoft Windows Server 2019 (64-bit),vm-20010,e4891bc2-be96-4d7b-af69-3f4a8c0d2e14,cccarvx03.carvalheira.cloud,cccarvx03.carvalheira.cloud
CCSERVER10,poweredOn,false,false,Hard disk 2,2001,D:\,737280,false,persistent,true,false,false,false,normal,1001,0,-1,LSI Logic SAS,SCSI controller 1,7,0,noSharing,[VxRail-Virtual-SAN-Datastore-12345abc-6789-def0-1234-56789abcdef0] d0e1f765-8c34-9abc-def0-bcdef1234567/CCXXXVER10.vmx,,,CCSERVER10 0001,CCSERVER10 - SQL SERVER ENTERPRISE - PORTAL,Carvalheira.Cloud-DC,Production,cccarvx03.carvalheira.cloud,/Carvalheira.Cloud-DC/Production,Microsoft Windows Server 2019 (64-bit),Microsoft Windows Server 2019 (64-bit),vm-20010,e4891bc2-be96-4d7b-af69-3f4a8c0d2e14,cccarvx03.carvalheira.cloud,cccarvx03.carvalheira.cloud
CCSERVER10,poweredOn,false,false,Hard disk 3,2002,E:\,2097152,false,persistent,true,false,false,false,normal,1002,0,-1,LSI Logic SAS,SCSI controller 2,7,0,noSharing,[VxRail-Virtual-SAN-Datastore-12345abc-6789-def0-1234-56789abcdef0] d0e1f765-8c34-9abc-def0-bcdef1234567/CCXXXVER10.vmx,,,CCSERVER10 0001,CCSERVER10 - SQL SERVER ENTERPRISE - PORTAL,Carvalheira.Cloud-DC,Production,cccarvx03.carvalheira.cloud,/Carvalheira.Cloud-DC/Production,Microsoft Windows Server 2019 (64-bit),Microsoft Windows Server 2019 (64-bit),vm-20010,e4891bc2-be96-4d7b-af69-3f4a8c0d2e14,cccarvx03.carvalheira.cloud,cccarvx03.carvalheira.cloud
