﻿Name,Message,Message type,VI SDK Server,VI SDK UUID
cccarvx01.carvalheira.cloud,SSH service is running!,Security,cccarvx01.carvalheira.cloud,cccarvx01.carvalheira.cloud
cccarvx02.carvalheira.cloud,SSH service is running!,Security,cccarvx01.carvalheira.cloud,cccarvx01.carvalheira.cloud
cccarvx03.carvalheira.cloud,SSH service is running!,Security,cccarvx01.carvalheira.cloud,cccarvx01.carvalheira.cloud
CCSERVER01,Inconsistent Foldername! VMname = CCSERVER01 Foldername = a1b2c3d4-9f82-4e5a-77c1-e4434bc4a111,Foldername,cccarvx01.carvalheira.cloud,cccarvx01.carvalheira.cloud
CCSERVER02,Inconsistent Foldername! VMname = CCSERVER02 Foldername = 7c9d2f65-3a01-8b29-5f72-e4434bc4a222,Foldername,cccarvx01.carvalheira.cloud,cccarvx01.carvalheira.cloud
CCSERVER03,Inconsistent Foldername! VMname = CCSERVER03 Foldername = f8e1a964-6dcb-4f04-91ac-e4434bc4a333,Foldername,cccarvx02.carvalheira.cloud,cccarvx02.carvalheira.cloud
CCSERVER04,Inconsistent Foldername! VMname = CCSERVER04 Foldername = 2b013c65-d0a9-9d77-44a0-e4434bc4a444,Foldername,cccarvx02.carvalheira.cloud,cccarvx02.carvalheira.cloud
CCSERVER05,Inconsistent Foldername! VMname = CCSERVER05 Foldername = 5f013c65-c0a9-8d77-54a0-e4434bc4a555,Foldername,cccarvx02.carvalheira.cloud,cccarvx02.carvalheira.cloud
CCSERVER06,Inconsistent Foldername! VMname = CCSERVER06 Foldername = 8a013c65-e0a9-7d77-64a0-e4434bc4a666,Foldername,cccarvx02.carvalheira.cloud,cccarvx02.carvalheira.cloud
CCSERVER07,Inconsistent Foldername! VMname = CCSERVER07 Foldername = 9b013c65-f0a9-6d77-74a0-e4434bc4a777,Foldername,cccarvx02.carvalheira.cloud,cccarvx02.carvalheira.cloud
CCSERVER08,Inconsistent Foldername! VMname = CCSERVER08 Foldername = 3c013c65-a0a9-5d77-84a0-e4434bc4a888,Foldername,cccarvx02.carvalheira.cloud,cccarvx02.carvalheira.cloud
CCSERVER09,Inconsistent Foldername! VMname = CCSERVER09 Foldername = 4d013c65-b0a9-4d77-94a0-e4434bc4a999,Foldername,cccarvx03.carvalheira.cloud,cccarvx03.carvalheira.cloud
CCSERVER10,Inconsistent Foldername! VMname = CCSERVER10 Foldername = 6e013c65-c0a9-3d77-04a0-e4434bc4a000,Foldername,cccarvx03.carvalheira.cloud,cccarvx03.carvalheira.cloud
