﻿VM,Powerstate,Template,SRM Placeholder,Config status,DNS Name,Connection state,Guest state,Heartbeat,Consolidation Needed,PowerOn,Suspend time,Creation date,Change Version,CPUs,Memory,NICs,Disks,min Required EVC Mode Key,Latency Sensitivity,EnableUUID,CBT,Primary IP Address,Network #1,Network #2,Network #3,Network #4,Network #5,Network #6,Network #7,Network #8,Num Monitors,Video Ram KiB,Resource pool,Folder,vApp,DAS protection,FT State,FT Latency,FT Bandwidth,FT Sec. Latency,Provisioned MiB,In Use MiB,Unshared MiB,HA Restart Priority,HA Isolation Response,HA VM Monitoring,Cluster rule(s),Cluster rule name(s),Boot Required,Boot delay,Boot retry delay,Boot retry enabled,Boot BIOS setup,Firmware,HW version,HW upgrade status,HW upgrade policy,HW target,Path,Log directory,Snapshot directory,Suspend directory,Annotation,Datacenter,Cluster,Host,OS according to the configuration file,OS according to the VMware Tools,VM ID,VM UUID,VI SDK Server type,VI SDK API Version,VI SDK Server,VI SDK UUID
CCSERVER01,poweredOn,false,false,green,CCSERVER01.carvalheira.cloud,connected,running,green,false,45991.34471,,45991.34471,45991.34471,2,4096,1,2,intel-haswell,normal,true,true,1012010051,Production,,,,,,,,1,,/Carvalheira.Cloud/Production/servers,/Carvalheira.Cloud-DC/Production,,true,notConfigured,gray,-1,-1,213108,153852,150780,,,,,,false,0,10000,false,false,bios,19,none,never,,[VxRail-Virtual-SAN-Datastore-12345abc-6789-def0-1234-56789abcdef0] a1b2c365-f012-3456-789a-bcdef1234567/CCXXXVER01.vmx,[VxRail-Virtual-SAN-Datastore-12345abc-6789-def0-1234-56789abcdef0] a1b2c365-f012-3456-789a-bcdef1234567,[VxRail-Virtual-SAN-Datastore-12345abc-6789-def0-1234-56789abcdef0] a1b2c365-f012-3456-789a-bcdef1234567,[VxRail-Virtual-SAN-Datastore-12345abc-6789-def0-1234-56789abcdef0] a1b2c365-f012-3456-789a-bcdef1234567,CCSERVER01 - WEB SERVER - PORTAL,Carvalheira.Cloud-DC,Production,cccarvx01.carvalheira.cloud,Microsoft Windows Server 2016 (64-bit),Microsoft Windows Server 2016 (64-bit),vm-20001,521ac3f0-7b42-4d9e-8f12-9a3b7c8d4e21,VMware vCenter Server 7.0.3 build‑24730281,,cccarvx01.carvalheira.cloud,cccarvx01.carvalheira.cloud
CCSERVER02,poweredOn,false,false,green,CCSERVER02.carvalheira.cloud,connected,running,green,false,45991.91387,,45991.91387,45991.91387,2,4096,1,2,intel-haswell,normal,true,true,1012010052,Production,,,,,,,,1,,/Carvalheira.Cloud/Production/servers,/Carvalheira.Cloud-DC/Production,,true,notConfigured,gray,-1,-1,213108,114344,112296,,,,,,false,0,10000,false,false,bios,19,none,never,,[VxRail-Virtual-SAN-Datastore-12345abc-6789-def0-1234-56789abcdef0] b2c3d465-0abc-1234-5678-bcdef1234567/CCXXXVER02.vmx,[VxRail-Virtual-SAN-Datastore-12345abc-6789-def0-1234-56789abcdef0] b2c3d465-0abc-1234-5678-bcdef1234567,[VxRail-Virtual-SAN-Datastore-12345abc-6789-def0-1234-56789abcdef0] b2c3d465-0abc-1234-5678-bcdef1234567,[VxRail-Virtual-SAN-Datastore-12345abc-6789-def0-1234-56789abcdef0] b2c3d465-0abc-1234-5678-bcdef1234567,CCSERVER02 - WEB SERVER - PORTAL,Carvalheira.Cloud-DC,Production,cccarvx01.carvalheira.cloud,Microsoft Windows Server 2016 (64-bit),Microsoft Windows Server 2016 (64-bit),vm-20002,6f93d2a1-1c84-4a7b-9e56-2d4f8b9c7a35,VMware vCenter Server 7.0.3 build‑24730281,,cccarvx01.carvalheira.cloud,cccarvx01.carvalheira.cloud
CCSERVER03,poweredOn,false,false,green,CCSERVER03.carvalheira.cloud,connected,running,green,false,45991.91454,,45991.91454,45991.91454,2,8192,1,2,intel-haswell,normal,true,true,1012010053,Production,,,,,,,,1,,/Carvalheira.Cloud/Production/servers,/Carvalheira.Cloud-DC/Production,,true,notConfigured,gray,-1,-1,215060,123092,120020,,,,,,false,0,10000,false,false,efi,19,none,never,,[VxRail-Virtual-SAN-Datastore-12345abc-6789-def0-1234-56789abcdef0] c3d4e564-1bcd-2345-6789-bcdef1234567/CCXXXVER03.vmx,[VxRail-Virtual-SAN-Datastore-12345abc-6789-def0-1234-56789abcdef0] c3d4e564-1bcd-2345-6789-bcdef1234567,[VxRail-Virtual-SAN-Datastore-12345abc-6789-def0-1234-56789abcdef0] c3d4e564-1bcd-2345-6789-bcdef1234567,[VxRail-Virtual-SAN-Datastore-12345abc-6789-def0-1234-56789abcdef0] c3d4e564-1bcd-2345-6789-bcdef1234567,CCSERVER03 - WEB SERVER - PORTAL,Carvalheira.Cloud-DC,Production,cccarvx01.carvalheira.cloud,Microsoft Windows Server 2016 (64-bit),Microsoft Windows Server 2016 (64-bit),vm-20003,7b24e5c9-3d17-4f8a-8c92-5e6a1f0d9b47,VMware vCenter Server 7.0.3 build‑24730281,,cccarvx01.carvalheira.cloud,cccarvx01.carvalheira.cloud
CCSERVER04,poweredOn,false,false,green,CCSERVER04.carvalheira.cloud,connected,running,green,false,45991.89631,,45991.89631,45991.89631,4,16384,1,2,intel-haswell,normal,true,true,1012010054,Production,,,,,,,,1,,/Carvalheira.Cloud/Production/servers,/Carvalheira.Cloud-DC/Production,,true,notConfigured,gray,-1,-1,215060,165728,163680,,,,,,false,0,10000,false,false,bios,19,none,never,,[VxRail-Virtual-SAN-Datastore-12345abc-6789-def0-1234-56789abcdef0] d4e5f365-2cde-3456-789a-bcdef1234567/CCXXXVER04.vmx,[VxRail-Virtual-SAN-Datastore-12345abc-6789-def0-1234-56789abcdef0] d4e5f365-2cde-3456-789a-bcdef1234567,[VxRail-Virtual-SAN-Datastore-12345abc-6789-def0-1234-56789abcdef0] d4e5f365-2cde-3456-789a-bcdef1234567,[VxRail-Virtual-SAN-Datastore-12345abc-6789-def0-1234-56789abcdef0] d4e5f365-2cde-3456-789a-bcdef1234567,CCSERVER04 - BACK END - BS 1,Carvalheira.Cloud-DC,Production,cccarvx02.carvalheira.cloud,Microsoft Windows Server 2016 (64-bit),Microsoft Windows Server 2016 (64-bit),vm-20004,8c56f7a2-5e39-4d1b-9a03-7f8b2c4d6e58,VMware vCenter Server 7.0.3 build‑24730281,,cccarvx02.carvalheira.cloud,cccarvx02.carvalheira.cloud
CCSERVER05,poweredOn,false,false,green,CCSERVER05.carvalheira.cloud,connected,running,green,false,45991.86181,,45991.86181,45991.86181,4,16384,1,2,intel-haswell,normal,true,true,1012010055,Production,,,,,,,,1,,/Carvalheira.Cloud/Production/servers,/Carvalheira.Cloud-DC/Production,,true,notConfigured,gray,-1,-1,253440,130032,126960,,,,,,false,0,10000,false,false,bios,19,none,never,,[VxRail-Virtual-SAN-Datastore-12345abc-6789-def0-1234-56789abcdef0] e5f6a065-3def-4567-89ab-bcdef1234567/CCXXXVER05.vmx,[VxRail-Virtual-SAN-Datastore-12345abc-6789-def0-1234-56789abcdef0] e5f6a065-3def-4567-89ab-bcdef1234567,[VxRail-Virtual-SAN-Datastore-12345abc-6789-def0-1234-56789abcdef0] e5f6a065-3def-4567-89ab-bcdef1234567,[VxRail-Virtual-SAN-Datastore-12345abc-6789-def0-1234-56789abcdef0] e5f6a065-3def-4567-89ab-bcdef1234567,CCSERVER05 - BACK END - BS 2,Carvalheira.Cloud-DC,Production,cccarvx02.carvalheira.cloud,Microsoft Windows Server 2016 (64-bit),Microsoft Windows Server 2016 (64-bit),vm-20005,9d78a9b3-6f41-4e2c-8b14-8a9c3d5e7f69,VMware vCenter Server 7.0.3 build‑24730281,,cccarvx02.carvalheira.cloud,cccarvx02.carvalheira.cloud
CCSERVER06,poweredOn,false,false,green,CCSERVER06.carvalheira.cloud,connected,running,green,false,45991.85479,,45991.85479,45991.85479,4,16384,1,2,intel-haswell,normal,true,true,1012010056,Production,,,,,,,,1,,/Carvalheira.Cloud/Production/servers,/Carvalheira.Cloud-DC/Production,,true,notConfigured,gray,-1,-1,253440,154984,152936,,,,,,false,0,10000,false,false,efi,19,none,never,,[VxRail-Virtual-SAN-Datastore-12345abc-6789-def0-1234-56789abcdef0] f6a7b065-4ef0-5678-9abc-bcdef1234567/CCXXXVER06.vmx,[VxRail-Virtual-SAN-Datastore-12345abc-6789-def0-1234-56789abcdef0] f6a7b065-4ef0-5678-9abc-bcdef1234567,[VxRail-Virtual-SAN-Datastore-12345abc-6789-def0-1234-56789abcdef0] f6a7b065-4ef0-5678-9abc-bcdef1234567,[VxRail-Virtual-SAN-Datastore-12345abc-6789-def0-1234-56789abcdef0] f6a7b065-4ef0-5678-9abc-bcdef1234567,CCSERVER06 - BACK END - POOL,Carvalheira.Cloud-DC,Production,cccarvx02.carvalheira.cloud,Microsoft Windows Server 2016 (64-bit),Microsoft Windows Server 2016 (64-bit),vm-20006,af01c4d5-7a52-4f3d-9c25-9b0d4e6f8a70,VMware vCenter Server 7.0.3 build‑24730281,,cccarvx02.carvalheira.cloud,cccarvx02.carvalheira.cloud
CCSERVER07,poweredOn,false,false,green,CCSERVER07.carvalheira.cloud,connected,running,green,false,45991.89257,,45991.89257,45991.89257,8,24576,1,2,intel-haswell,normal,true,true,1012010057,Production,,,,,,,,1,,/Carvalheira.Cloud/Production/servers,/Carvalheira.Cloud-DC/Production,,true,notConfigured,gray,-1,-1,499940,226864,223792,,,,,,false,0,10000,false,false,efi,19,none,never,,[VxRail-Virtual-SAN-Datastore-12345abc-6789-def0-1234-56789abcdef0] a7b8c365-5f01-6789-abcd-bcdef1234567/CCXXXVER07.vmx,[VxRail-Virtual-SAN-Datastore-12345abc-6789-def0-1234-56789abcdef0] a7b8c365-5f01-6789-abcd-bcdef1234567,[VxRail-Virtual-SAN-Datastore-12345abc-6789-def0-1234-56789abcdef0] a7b8c365-5f01-6789-abcd-bcdef1234567,[VxRail-Virtual-SAN-Datastore-12345abc-6789-def0-1234-56789abcdef0] a7b8c365-5f01-6789-abcd-bcdef1234567,CCSERVER07 - JOBSCHEDULER 1,Carvalheira.Cloud-DC,Production,cccarvx02.carvalheira.cloud,Microsoft Windows Server 2016 (64-bit),Microsoft Windows Server 2016 (64-bit),vm-20007,b123e6f7-8b63-4a4e-8d36-0c1e5f7a9b81,VMware vCenter Server 7.0.3 build‑24730281,,cccarvx02.carvalheira.cloud,cccarvx02.carvalheira.cloud
CCSERVER08,poweredOn,false,false,green,CCSERVER08.carvalheira.cloud,connected,running,green,false,45991.92756,,45991.92756,45991.92756,8,24576,1,2,intel-haswell,normal,true,true,1012010058,Production,,,,,,,,1,,/Carvalheira.Cloud/Production/servers,/Carvalheira.Cloud-DC/Production,,true,notConfigured,gray,-1,-1,253864,231300,229252,,,,,,false,0,10000,false,false,bios,19,none,never,,[VxRail-Virtual-SAN-Datastore-12345abc-6789-def0-1234-56789abcdef0] b8c9d465-6a12-789a-bcde-bcdef1234567/CCXXXVER08.vmx,[VxRail-Virtual-SAN-Datastore-12345abc-6789-def0-1234-56789abcdef0] b8c9d465-6a12-789a-bcde-bcdef1234567,[VxRail-Virtual-SAN-Datastore-12345abc-6789-def0-1234-56789abcdef0] b8c9d465-6a12-789a-bcde-bcdef1234567,[VxRail-Virtual-SAN-Datastore-12345abc-6789-def0-1234-56789abcdef0] b8c9d465-6a12-789a-bcde-bcdef1234567,CCSERVER08 - JOBSCHEDULER 2,Carvalheira.Cloud-DC,Production,cccarvx02.carvalheira.cloud,Microsoft Windows Server 2016 (64-bit),Microsoft Windows Server 2016 (64-bit),vm-20008,c245f8a9-9c74-4b5f-9e47-1d2f6a8b0c92,VMware vCenter Server 7.0.3 build‑24730281,,cccarvx02.carvalheira.cloud,cccarvx02.carvalheira.cloud
CCSERVER09,poweredOn,false,false,green,CCSERVER09.carvalheira.cloud,connected,running,green,false,45991.78878,,45991.78878,45991.78878,12,43008,1,3,intel-haswell,normal,true,true,101120100,Production,,,,,,,,1,,/Carvalheira.Cloud/Production/servers,/Carvalheira.Cloud-DC/Production,,true,notConfigured,gray,-1,-1,499940,334452,331380,,,,,,false,0,10000,false,false,bios,19,none,never,,[VxRail-Virtual-SAN-Datastore-12345abc-6789-def0-1234-56789abcdef0] c9d0e565-7b23-89ab-cdef-bcdef1234567/CCXXXVER09.vmx,[VxRail-Virtual-SAN-Datastore-12345abc-6789-def0-1234-56789abcdef0] c9d0e565-7b23-89ab-cdef-bcdef1234567,[VxRail-Virtual-SAN-Datastore-12345abc-6789-def0-1234-56789abcdef0] c9d0e565-7b23-89ab-cdef-bcdef1234567,[VxRail-Virtual-SAN-Datastore-12345abc-6789-def0-1234-56789abcdef0] c9d0e565-7b23-89ab-cdef-bcdef1234567,CCSERVER09 - NSQL MONGO DB SERVER - PORTAL,Carvalheira.Cloud-DC,Production,cccarvx03.carvalheira.cloud,Microsoft Windows Server 2019 (64-bit),Microsoft Windows Server 2019 (64-bit),vm-20009,d3670ab1-ad85-4c6a-9f58-2e3f7b9c1d03,VMware vCenter Server 7.0.3 build‑24730281,,cccarvx03.carvalheira.cloud,cccarvx03.carvalheira.cloud
CCSERVER10,poweredOn,false,false,green,CCSERVER10.carvalheira.cloud,connected,running,green,false,45991.87436,,45991.87436,45991.87436,16,65536,1,3,intel-haswell,normal,true,true,101120101,Production,,,,,,,,1,,/Carvalheira.Cloud/Production/servers,/Carvalheira.Cloud-DC/Production,,true,notConfigured,gray,-1,-1,581512,232036,229988,,,,,,false,0,10000,false,false,bios,19,none,never,,[VxRail-Virtual-SAN-Datastore-12345abc-6789-def0-1234-56789abcdef0] d0e1f765-8c34-9abc-def0-bcdef1234567/CCXXXVER10.vmx,[VxRail-Virtual-SAN-Datastore-12345abc-6789-def0-1234-56789abcdef0] d0e1f765-8c34-9abc-def0-bcdef1234567,[VxRail-Virtual-SAN-Datastore-12345abc-6789-def0-1234-56789abcdef0] d0e1f765-8c34-9abc-def0-bcdef1234567,[VxRail-Virtual-SAN-Datastore-12345abc-6789-def0-1234-56789abcdef0] d0e1f765-8c34-9abc-def0-bcdef1234567,CCSERVER10 - SQL SERVER ENTERPRISE - PORTAL,Carvalheira.Cloud-DC,Production,cccarvx03.carvalheira.cloud,Microsoft Windows Server 2019 (64-bit),Microsoft Windows Server 2019 (64-bit),vm-20010,e4891bc2-be96-4d7b-af69-3f4a8c0d2e14,VMware vCenter Server 7.0.3 build‑24730281,,cccarvx03.carvalheira.cloud,cccarvx03.carvalheira.cloud
