﻿VM,Powerstate,Template,SRM Placeholder,NIC label,Adapter,Network,Switch,Connected,Starts Connected,Mac Address,Type,IPv4 Address,IPv6 Address,Direct Path IO,Internal Sort Column,Annotation,Datacenter,Cluster,Host,Folder,OS according to the configuration file,OS according to the VMware Tools,VM ID,VM UUID,VI SDK Server,VI SDK UUID
CCSERVER01,poweredOn,false,false,Network adapter 1,E1000e,Production,VMware HCIA Distributed Switch,true,true,4D:92:3A:7E:15:B0,assigned,1012010051,,false,CCSERVER01 0001,CCSERVER01 - WEB SERVER - PORTAL,Carvalheira.Cloud-DC,Production,cccarvx01.carvalheira.cloud,/Carvalheira.Cloud-DC/Production,Microsoft Windows Server 2016 (64-bit),Microsoft Windows Server 2016 (64-bit),vm-20001,521ac3f0-7b42-4d9e-8f12-9a3b7c8d4e21,cccarvx01.carvalheira.cloud,cccarvx01.carvalheira.cloud
CCSERVER02,poweredOn,false,false,Network adapter 1,E1000e,Production,VMware HCIA Distributed Switch,true,true,7A:11:58:CC:24:9F,assigned,1012010052,,false,CCSERVER02 0001,CCSERVER02 - WEB SERVER - PORTAL,Carvalheira.Cloud-DC,Production,cccarvx01.carvalheira.cloud,/Carvalheira.Cloud-DC/Production,Microsoft Windows Server 2016 (64-bit),Microsoft Windows Server 2016 (64-bit),vm-20002,6f93d2a1-1c84-4a7b-9e56-2d4f8b9c7a35,cccarvx01.carvalheira.cloud,cccarvx01.carvalheira.cloud
CCSERVER03,poweredOn,false,false,Network adapter 1,E1000e,Production,VMware HCIA Distributed Switch,true,true,2F:63:8B:40:E7:12,assigned,1012010053,,false,CCSERVER03 0001,CCSERVER03 - WEB SERVER - PORTAL,Carvalheira.Cloud-DC,Production,cccarvx01.carvalheira.cloud,/Carvalheira.Cloud-DC/Production,Microsoft Windows Server 2016 (64-bit),Microsoft Windows Server 2016 (64-bit),vm-20003,7b24e5c9-3d17-4f8a-8c92-5e6a1f0d9b47,cccarvx01.carvalheira.cloud,cccarvx01.carvalheira.cloud
CCSERVER04,poweredOn,false,false,Network adapter 1,E1000e,Production,VMware HCIA Distributed Switch,true,true,9C:75:02:DA:33:84,assigned,1012010054,,false,CCSERVER04 0001,CCSERVER04 - BACK END - BS 1,Carvalheira.Cloud-DC,Production,cccarvx02.carvalheira.cloud,/Carvalheira.Cloud-DC/Production,Microsoft Windows Server 2016 (64-bit),Microsoft Windows Server 2016 (64-bit),vm-20004,8c56f7a2-5e39-4d1b-9a03-7f8b2c4d6e58,cccarvx02.carvalheira.cloud,cccarvx02.carvalheira.cloud
CCSERVER05,poweredOn,false,false,Network adapter 1,E1000e,Production,VMware HCIA Distributed Switch,true,true,B1:28:6F:91:5C:20,assigned,1012010055,,false,CCSERVER05 0001,CCSERVER05 - BACK END - BS 2,Carvalheira.Cloud-DC,Production,cccarvx02.carvalheira.cloud,/Carvalheira.Cloud-DC/Production,Microsoft Windows Server 2016 (64-bit),Microsoft Windows Server 2016 (64-bit),vm-20005,9d78a9b3-6f41-4e2c-8b14-8a9c3d5e7f69,cccarvx02.carvalheira.cloud,cccarvx02.carvalheira.cloud
CCSERVER06,poweredOn,false,false,Network adapter 1,E1000e,Production,VMware HCIA Distributed Switch,true,true,6E:44:9D:73:AF:56,assigned,1012010056,,false,CCSERVER06 0001,CCSERVER06 - BACK END - POOL,Carvalheira.Cloud-DC,Production,cccarvx02.carvalheira.cloud,/Carvalheira.Cloud-DC/Production,Microsoft Windows Server 2016 (64-bit),Microsoft Windows Server 2016 (64-bit),vm-20006,af01c4d5-7a52-4f3d-9c25-9b0d4e6f8a70,cccarvx02.carvalheira.cloud,cccarvx02.carvalheira.cloud
CCSERVER07,poweredOn,false,false,Network adapter 1,E1000e,Production,VMware HCIA Distributed Switch,true,true,D3:80:21:4B:9E:77,assigned,1012010057,,false,CCSERVER07 0001,CCSERVER07 - JOBSCHEDULER 1,Carvalheira.Cloud-DC,Production,cccarvx02.carvalheira.cloud,/Carvalheira.Cloud-DC/Production,Microsoft Windows Server 2016 (64-bit),Microsoft Windows Server 2016 (64-bit),vm-20007,b123e6f7-8b63-4a4e-8d36-0c1e5f7a9b81,cccarvx02.carvalheira.cloud,cccarvx02.carvalheira.cloud
CCSERVER08,poweredOn,false,false,Network adapter 1,E1000e,Production,VMware HCIA Distributed Switch,true,true,58:2A:65:C1:0F:93,assigned,1012010058,,false,CCSERVER08 0001,CCSERVER08 - JOBSCHEDULER 2,Carvalheira.Cloud-DC,Production,cccarvx02.carvalheira.cloud,/Carvalheira.Cloud-DC/Production,Microsoft Windows Server 2016 (64-bit),Microsoft Windows Server 2016 (64-bit),vm-20008,c245f8a9-9c74-4b5f-9e47-1d2f6a8b0c92,cccarvx02.carvalheira.cloud,cccarvx02.carvalheira.cloud
CCSERVER09,poweredOn,false,false,Network adapter 1,Vmxnet3,Production,VMware HCIA Distributed Switch,true,true,A7:39:5E:82:14:CB,assigned,101120100,,false,CCSERVER09 0001,CCSERVER09 - NSQL MONGO DB SERVER - PORTAL,Carvalheira.Cloud-DC,Production,cccarvx03.carvalheira.cloud,/Carvalheira.Cloud-DC/Production,Microsoft Windows Server 2019 (64-bit),Microsoft Windows Server 2019 (64-bit),vm-20009,d3670ab1-ad85-4c6a-9f58-2e3f7b9c1d03,cccarvx03.carvalheira.cloud,cccarvx03.carvalheira.cloud
CCSERVER10,poweredOn,false,false,Network adapter 1,Vmxnet3,Production,VMware HCIA Distributed Switch,true,true,F2:19:7B:6D:28:40,assigned,101120101,,false,CCSERVER10 0001,CCSERVER10 - SQL SERVER ENTERPRISE - PORTAL,Carvalheira.Cloud-DC,Production,cccarvx03.carvalheira.cloud,/Carvalheira.Cloud-DC/Production,Microsoft Windows Server 2019 (64-bit),Microsoft Windows Server 2019 (64-bit),vm-20010,e4891bc2-be96-4d7b-af69-3f4a8c0d2e14,cccarvx03.carvalheira.cloud,cccarvx03.carvalheira.cloud
