﻿VM,Powerstate,Template,SRM Placeholder,Disk Key,Disk,Capacity MiB,Consumed MiB,Free MiB,Free %,Internal Sort Column,Annotation,Datacenter,Cluster,Host,Folder,OS according to the configuration file,OS according to the VMware Tools,VM ID,VM UUID,VI SDK Server,VI SDK UUID
CCSERVER01,poweredOn,false,false,2000,C:\,163840,35840,128000,78,CCSERVER01 0001,CCSERVER01 - WEB SERVER - PORTAL,Carvalheira.Cloud-DC,Production,cccarvx01.carvalheira.cloud,/Carvalheira.Cloud-DC/Production,Microsoft Windows Server 2016 (64-bit),Microsoft Windows Server 2016 (64-bit),vm-20001,521ac3f0-7b42-4d9e-8f12-9a3b7c8d4e21,cccarvx01.carvalheira.cloud,cccarvx01.carvalheira.cloud
CCSERVER01,poweredOn,false,false,2001,D:\,524288,512000,12288,2,CCSERVER01 0001,CCSERVER01 - WEB SERVER - PORTAL,Carvalheira.Cloud-DC,Production,cccarvx01.carvalheira.cloud,/Carvalheira.Cloud-DC/Production,Microsoft Windows Server 2016 (64-bit),Microsoft Windows Server 2016 (64-bit),vm-20001,521ac3f0-7b42-4d9e-8f12-9a3b7c8d4e21,cccarvx01.carvalheira.cloud,cccarvx01.carvalheira.cloud
CCSERVER02,poweredOn,false,false,2000,C:\,163840,35840,128000,78,CCSERVER02 0001,CCSERVER02 - WEB SERVER - PORTAL,Carvalheira.Cloud-DC,Production,cccarvx01.carvalheira.cloud,/Carvalheira.Cloud-DC/Production,Microsoft Windows Server 2016 (64-bit),Microsoft Windows Server 2016 (64-bit),vm-20002,6f93d2a1-1c84-4a7b-9e56-2d4f8b9c7a35,cccarvx01.carvalheira.cloud,cccarvx01.carvalheira.cloud
CCSERVER02,poweredOn,false,false,2001,D:\,524288,421888,102400,20,CCSERVER02 0001,CCSERVER02 - WEB SERVER - PORTAL,Carvalheira.Cloud-DC,Production,cccarvx01.carvalheira.cloud,/Carvalheira.Cloud-DC/Production,Microsoft Windows Server 2016 (64-bit),Microsoft Windows Server 2016 (64-bit),vm-20002,6f93d2a1-1c84-4a7b-9e56-2d4f8b9c7a35,cccarvx01.carvalheira.cloud,cccarvx01.carvalheira.cloud
CCSERVER03,poweredOn,false,false,2000,C:\,163840,35840,128000,78,CCSERVER03 0001,CCSERVER03 - WEB SERVER - PORTAL,Carvalheira.Cloud-DC,Production,cccarvx01.carvalheira.cloud,/Carvalheira.Cloud-DC/Production,Microsoft Windows Server 2016 (64-bit),Microsoft Windows Server 2016 (64-bit),vm-20003,7b24e5c9-3d17-4f8a-8c92-5e6a1f0d9b47,cccarvx01.carvalheira.cloud,cccarvx01.carvalheira.cloud
CCSERVER03,poweredOn,false,false,2001,D:\,524288,389120,135168,26,CCSERVER03 0001,CCSERVER03 - WEB SERVER - PORTAL,Carvalheira.Cloud-DC,Production,cccarvx01.carvalheira.cloud,/Carvalheira.Cloud-DC/Production,Microsoft Windows Server 2016 (64-bit),Microsoft Windows Server 2016 (64-bit),vm-20003,7b24e5c9-3d17-4f8a-8c92-5e6a1f0d9b47,cccarvx01.carvalheira.cloud,cccarvx01.carvalheira.cloud
CCSERVER04,poweredOn,false,false,2000,C:\,163840,49152,114688,70,CCSERVER04 0001,CCSERVER04 - BACK END - BS 1,Carvalheira.Cloud-DC,Production,cccarvx02.carvalheira.cloud,/Carvalheira.Cloud-DC/Production,Microsoft Windows Server 2016 (64-bit),Microsoft Windows Server 2016 (64-bit),vm-20004,8c56f7a2-5e39-4d1b-9a03-7f8b2c4d6e58,cccarvx02.carvalheira.cloud,cccarvx02.carvalheira.cloud
CCSERVER04,poweredOn,false,false,2001,D:\,524288,358400,165888,32,CCSERVER04 0001,CCSERVER04 - BACK END - BS 1,Carvalheira.Cloud-DC,Production,cccarvx02.carvalheira.cloud,/Carvalheira.Cloud-DC/Production,Microsoft Windows Server 2016 (64-bit),Microsoft Windows Server 2016 (64-bit),vm-20004,8c56f7a2-5e39-4d1b-9a03-7f8b2c4d6e58,cccarvx02.carvalheira.cloud,cccarvx02.carvalheira.cloud
CCSERVER05,poweredOn,false,false,2000,C:\,163840,49152,114688,70,CCSERVER05 0001,CCSERVER05 - BACK END - BS 2,Carvalheira.Cloud-DC,Production,cccarvx02.carvalheira.cloud,/Carvalheira.Cloud-DC/Production,Microsoft Windows Server 2016 (64-bit),Microsoft Windows Server 2016 (64-bit),vm-20005,9d78a9b3-6f41-4e2c-8b14-8a9c3d5e7f69,cccarvx02.carvalheira.cloud,cccarvx02.carvalheira.cloud
CCSERVER05,poweredOn,false,false,2001,D:\,524288,335872,188416,36,CCSERVER05 0001,CCSERVER05 - BACK END - BS 2,Carvalheira.Cloud-DC,Production,cccarvx02.carvalheira.cloud,/Carvalheira.Cloud-DC/Production,Microsoft Windows Server 2016 (64-bit),Microsoft Windows Server 2016 (64-bit),vm-20005,9d78a9b3-6f41-4e2c-8b14-8a9c3d5e7f69,cccarvx02.carvalheira.cloud,cccarvx02.carvalheira.cloud
CCSERVER06,poweredOn,false,false,2000,C:\,163840,49152,114688,70,CCSERVER06 0001,CCSERVER06 - BACK END - POOL,Carvalheira.Cloud-DC,Production,cccarvx02.carvalheira.cloud,/Carvalheira.Cloud-DC/Production,Microsoft Windows Server 2016 (64-bit),Microsoft Windows Server 2016 (64-bit),vm-20006,af01c4d5-7a52-4f3d-9c25-9b0d4e6f8a70,cccarvx02.carvalheira.cloud,cccarvx02.carvalheira.cloud
CCSERVER06,poweredOn,false,false,2001,D:\,524288,382976,141312,27,CCSERVER06 0001,CCSERVER06 - BACK END - POOL,Carvalheira.Cloud-DC,Production,cccarvx02.carvalheira.cloud,/Carvalheira.Cloud-DC/Production,Microsoft Windows Server 2016 (64-bit),Microsoft Windows Server 2016 (64-bit),vm-20006,af01c4d5-7a52-4f3d-9c25-9b0d4e6f8a70,cccarvx02.carvalheira.cloud,cccarvx02.carvalheira.cloud
CCSERVER07,poweredOn,false,false,2000,C:\,163840,43008,120832,74,CCSERVER07 0001,CCSERVER07 - JOBSCHEDULER 1,Carvalheira.Cloud-DC,Production,cccarvx02.carvalheira.cloud,/Carvalheira.Cloud-DC/Production,Microsoft Windows Server 2016 (64-bit),Microsoft Windows Server 2016 (64-bit),vm-20007,b123e6f7-8b63-4a4e-8d36-0c1e5f7a9b81,cccarvx02.carvalheira.cloud,cccarvx02.carvalheira.cloud
CCSERVER07,poweredOn,false,false,2001,D:\,524288,501760,22528,4,CCSERVER07 0001,CCSERVER07 - JOBSCHEDULER 1,Carvalheira.Cloud-DC,Production,cccarvx02.carvalheira.cloud,/Carvalheira.Cloud-DC/Production,Microsoft Windows Server 2016 (64-bit),Microsoft Windows Server 2016 (64-bit),vm-20007,b123e6f7-8b63-4a4e-8d36-0c1e5f7a9b81,cccarvx02.carvalheira.cloud,cccarvx02.carvalheira.cloud
CCSERVER08,poweredOn,false,false,2000,C:\,163840,43008,120832,74,CCSERVER08 0001,CCSERVER08 - JOBSCHEDULER 2,Carvalheira.Cloud-DC,Production,cccarvx02.carvalheira.cloud,/Carvalheira.Cloud-DC/Production,Microsoft Windows Server 2016 (64-bit),Microsoft Windows Server 2016 (64-bit),vm-20008,c245f8a9-9c74-4b5f-9e47-1d2f6a8b0c92,cccarvx02.carvalheira.cloud,cccarvx02.carvalheira.cloud
CCSERVER08,poweredOn,false,false,2001,D:\,524288,486400,37888,7,CCSERVER08 0001,CCSERVER08 - JOBSCHEDULER 2,Carvalheira.Cloud-DC,Production,cccarvx02.carvalheira.cloud,/Carvalheira.Cloud-DC/Production,Microsoft Windows Server 2016 (64-bit),Microsoft Windows Server 2016 (64-bit),vm-20008,c245f8a9-9c74-4b5f-9e47-1d2f6a8b0c92,cccarvx02.carvalheira.cloud,cccarvx02.carvalheira.cloud
CCSERVER09,poweredOn,false,false,2000,C:\,163840,61440,102400,63,CCSERVER09 0001,CCSERVER09 - NSQL MONGO DB SERVER - PORTAL,Carvalheira.Cloud-DC,Production,cccarvx03.carvalheira.cloud,/Carvalheira.Cloud-DC/Production,Microsoft Windows Server 2019 (64-bit),Microsoft Windows Server 2019 (64-bit),vm-20009,d3670ab1-ad85-4c6a-9f58-2e3f7b9c1d03,cccarvx03.carvalheira.cloud,cccarvx03.carvalheira.cloud
CCSERVER09,poweredOn,false,false,2001,D:\,262144,122880,139264,53,CCSERVER09 0001,CCSERVER09 - NSQL MONGO DB SERVER - PORTAL,Carvalheira.Cloud-DC,Production,cccarvx03.carvalheira.cloud,/Carvalheira.Cloud-DC/Production,Microsoft Windows Server 2019 (64-bit),Microsoft Windows Server 2019 (64-bit),vm-20009,d3670ab1-ad85-4c6a-9f58-2e3f7b9c1d03,cccarvx03.carvalheira.cloud,cccarvx03.carvalheira.cloud
CCSERVER09,poweredOn,false,false,2002,E:\,524288,319488,204800,39,CCSERVER09 0001,CCSERVER09 - NSQL MONGO DB SERVER - PORTAL,Carvalheira.Cloud-DC,Production,cccarvx03.carvalheira.cloud,/Carvalheira.Cloud-DC/Production,Microsoft Windows Server 2019 (64-bit),Microsoft Windows Server 2019 (64-bit),vm-20009,d3670ab1-ad85-4c6a-9f58-2e3f7b9c1d03,cccarvx03.carvalheira.cloud,cccarvx03.carvalheira.cloud
CCSERVER10,poweredOn,false,false,2000,C:\,163840,114688,49152,30,CCSERVER10 0001,CCSERVER10 - SQL SERVER ENTERPRISE - PORTAL,Carvalheira.Cloud-DC,Production,cccarvx03.carvalheira.cloud,/Carvalheira.Cloud-DC/Production,Microsoft Windows Server 2019 (64-bit),Microsoft Windows Server 2019 (64-bit),vm-20010,e4891bc2-be96-4d7b-af69-3f4a8c0d2e14,cccarvx03.carvalheira.cloud,cccarvx03.carvalheira.cloud
CCSERVER10,poweredOn,false,false,2001,D:\,737280,399360,337920,46,CCSERVER10 0001,CCSERVER10 - SQL SERVER ENTERPRISE - PORTAL,Carvalheira.Cloud-DC,Production,cccarvx03.carvalheira.cloud,/Carvalheira.Cloud-DC/Production,Microsoft Windows Server 2019 (64-bit),Microsoft Windows Server 2019 (64-bit),vm-20010,e4891bc2-be96-4d7b-af69-3f4a8c0d2e14,cccarvx03.carvalheira.cloud,cccarvx03.carvalheira.cloud
CCSERVER10,poweredOn,false,false,2002,E:\,2097152,1855488,241664,12,CCSERVER10 0001,CCSERVER10 - SQL SERVER ENTERPRISE - PORTAL,Carvalheira.Cloud-DC,Production,cccarvx03.carvalheira.cloud,/Carvalheira.Cloud-DC/Production,Microsoft Windows Server 2019 (64-bit),Microsoft Windows Server 2019 (64-bit),vm-20010,e4891bc2-be96-4d7b-af69-3f4a8c0d2e14,cccarvx03.carvalheira.cloud,cccarvx03.carvalheira.cloud
